Type,Name,Request Count,Failure Count,Median Response Time,Average Response Time,Min Response Time,Max Response Time,Average Content Size,Requests/s,Failures/s,50%,66%,75%,80%,90%,95%,98%,99%,99.9%,99.99%,100%
POST,/predict,122173,0,680.0,687.6280820830002,71.40709459781647,5729.990042746067,89.84812519951217,135.93493926897455,0.0,680,760,820,850,940,1000,1200,1400,4900,5700,5700
,Aggregated,122173,0,680.0,687.6280820830002,71.40709459781647,5729.990042746067,89.84812519951217,135.93493926897455,0.0,680,760,820,850,940,1000,1200,1400,4900,5700,5700
