Type,Name,Request Count,Failure Count,Median Response Time,Average Response Time,Min Response Time,Max Response Time,Average Content Size,Requests/s,Failures/s,50%,66%,75%,80%,90%,95%,98%,99%,99.9%,99.99%,100%
gRPC,predict_prompt,63846,0,710.0,667.2366448786516,58.942750096321106,5002.764068543911,64.95551796510352,71.00969715699267,0.0,710,780,810,830,890,940,1000,1100,2000,5000,5000
gRPC,predict_response,62744,0,700.0,666.2831489917261,55.69182336330414,5004.815220832825,66.59302881550427,69.78404971992525,0.0,700,770,810,830,890,940,1000,1100,2000,5000,5000
,Aggregated,126590,0,700.0,666.7640471542717,55.69182336330414,5004.815220832825,65.76714590409985,140.79374687691794,0.0,700,780,810,830,890,940,1000,1100,2000,5000,5000
