Type,Name,Request Count,Failure Count,Median Response Time,Average Response Time,Min Response Time,Max Response Time,Average Content Size,Requests/s,Failures/s,50%,66%,75%,80%,90%,95%,98%,99%,99.9%,99.99%,100%
POST,/predict,128303,0,670.0,659.1132856642345,65.14505296945572,1589.6912068128586,89.89457767939955,142.69850800740855,0.0,670,750,800,830,930,1000,1100,1200,1400,1500,1600
,Aggregated,128303,0,670.0,659.1132856642345,65.14505296945572,1589.6912068128586,89.89457767939955,142.69850800740855,0.0,670,750,800,830,930,1000,1100,1200,1400,1500,1600
