Type,Name,Request Count,Failure Count,Median Response Time,Average Response Time,Min Response Time,Max Response Time,Average Content Size,Requests/s,Failures/s,50%,66%,75%,80%,90%,95%,98%,99%,99.9%,99.99%,100%
POST,/predict,126511,0,670.0,663.5371778552,67.08996742963791,5965.388365089893,89.83878872192932,140.72529014036905,0.0,670,750,790,820,910,1000,1100,1300,4400,5900,6000
,Aggregated,126511,0,670.0,663.5371778552,67.08996742963791,5965.388365089893,89.83878872192932,140.72529014036905,0.0,670,750,790,820,910,1000,1100,1300,4400,5900,6000
