Type,Name,Request Count,Failure Count,Median Response Time,Average Response Time,Min Response Time,Max Response Time,Average Content Size,Requests/s,Failures/s,50%,66%,75%,80%,90%,95%,98%,99%,99.9%,99.99%,100%
POST,/predict,132133,0,640.0,636.1030951658478,76.5194520354271,2106.4202040433884,89.87928829285644,146.9654303762887,0.0,640,700,750,780,860,910,970,1000,1200,2000,2100
,Aggregated,132133,0,640.0,636.1030951658478,76.5194520354271,2106.4202040433884,89.87928829285644,146.9654303762887,0.0,640,700,750,780,860,910,970,1000,1200,2000,2100
