Type,Name,Request Count,Failure Count,Median Response Time,Average Response Time,Min Response Time,Max Response Time,Average Content Size,Requests/s,Failures/s,50%,66%,75%,80%,90%,95%,98%,99%,99.9%,99.99%,100%
gRPC,predict_prompt,61534,0,700.0,681.9494242476331,59.88762527704239,5462.036557495594,65.0208990151786,68.45319402635765,0.0,700,770,810,830,890,950,1100,1700,4600,5300,5500
gRPC,predict_response,61454,0,700.0,682.8558194962751,58.60361456871033,5530.3444638848305,66.42018420281836,68.36419842194206,0.0,700,770,810,830,890,950,1100,1700,4600,5300,5500
,Aggregated,122988,0,700.0,682.4023270805114,58.60361456871033,5530.3444638848305,65.72008651250529,136.8173924482997,0.0,700,770,810,830,890,950,1100,1700,4600,5300,5500
