Type,Name,Request Count,Failure Count,Median Response Time,Average Response Time,Min Response Time,Max Response Time,Average Content Size,Requests/s,Failures/s,50%,66%,75%,80%,90%,95%,98%,99%,99.9%,99.99%,100%
gRPC,predict_prompt,59348,0,720.0,707.7415913806423,54.18706685304642,5661.128506064415,65.04126508054189,66.02715216248866,0.0,720,800,840,870,950,1100,1400,2000,4700,5100,5700
gRPC,predict_response,59550,0,720.0,709.2987114057182,60.90178340673447,5690.905258059502,66.55474391267842,66.2518856789816,0.0,720,800,840,870,950,1100,1400,2000,4700,5100,5700
,Aggregated,118898,0,720.0,708.5214741162079,54.18706685304642,5690.905258059502,65.79929014785783,132.27903784147026,0.0,720,800,840,870,950,1100,1400,2000,4700,5100,5700
