Type,Name,Request Count,Failure Count,Median Response Time,Average Response Time,Min Response Time,Max Response Time,Average Content Size,Requests/s,Failures/s,50%,66%,75%,80%,90%,95%,98%,99%,99.9%,99.99%,100%
POST,/predict,126623,0,680.0,665.162601269844,57.394906878471375,2838.529832661152,89.9231103354051,140.85604519109245,0.0,680,760,810,840,930,1000,1100,1200,2000,2800,2800
,Aggregated,126623,0,680.0,665.162601269844,57.394906878471375,2838.529832661152,89.9231103354051,140.85604519109245,0.0,680,760,810,840,930,1000,1100,1200,2000,2800,2800
