Type,Name,Request Count,Failure Count,Median Response Time,Average Response Time,Min Response Time,Max Response Time,Average Content Size,Requests/s,Failures/s,50%,66%,75%,80%,90%,95%,98%,99%,99.9%,99.99%,100%
POST,/predict,132213,0,640.0,638.5170308183143,72.18793779611588,1356.6495403647423,89.84403197870104,147.02783299828306,0.0,640,700,750,780,860,920,980,1000,1100,1300,1400
,Aggregated,132213,0,640.0,638.5170308183143,72.18793779611588,1356.6495403647423,89.84403197870104,147.02783299828306,0.0,640,700,750,780,860,920,980,1000,1100,1300,1400
