Type,Name,Request Count,Failure Count,Median Response Time,Average Response Time,Min Response Time,Max Response Time,Average Content Size,Requests/s,Failures/s,50%,66%,75%,80%,90%,95%,98%,99%,99.9%,99.99%,100%
gRPC,predict_prompt,69745,0,610.0,605.2501527114626,49.60031807422638,2803.8830384612083,64.88166893684135,77.68052235924307,0.0,610,660,680,700,750,800,880,960,2200,2800,2800
gRPC,predict_response,69822,0,610.0,605.0478635447972,60.96427142620087,2804.1777685284615,66.46012718054482,77.76628334887188,0.0,610,660,680,700,750,800,880,960,2100,2700,2800
,Aggregated,139567,0,610.0,605.1489523260212,49.60031807422638,2804.1777685284615,65.67133348141036,155.44680570811494,0.0,610,660,680,700,750,800,880,960,2100,2800,2800
