Type,Name,Request Count,Failure Count,Median Response Time,Average Response Time,Min Response Time,Max Response Time,Average Content Size,Requests/s,Failures/s,50%,66%,75%,80%,90%,95%,98%,99%,99.9%,99.99%,100%
gRPC,predict_prompt,63005,0,700.0,666.0087763537075,62.44949996471405,1267.866626381874,65.00744385366241,70.09885094683152,0.0,700,770,800,820,870,920,990,1000,1200,1300,1300
gRPC,predict_response,63011,0,710.0,666.4413733111392,57.165004312992096,1268.1239917874336,66.42391011093301,70.10552649806841,0.0,710,770,800,820,870,920,980,1000,1200,1300,1300
,Aggregated,126016,0,700.0,666.2250851310431,57.165004312992096,1268.1239917874336,65.71571070340275,140.20437744489993,0.0,700,770,800,820,870,920,980,1000,1200,1300,1300
