Type,Name,Request Count,Failure Count,Median Response Time,Average Response Time,Min Response Time,Max Response Time,Average Content Size,Requests/s,Failures/s,50%,66%,75%,80%,90%,95%,98%,99%,99.9%,99.99%,100%
POST,/predict,60148,0,1400.0,1406.5398678046724,86.3165479968302,3237.2037340246607,82.02724945135333,67.01452829428759,0.0,1400,1600,1700,1700,1800,1900,2000,2200,3200,3200,3200
,Aggregated,60148,0,1400.0,1406.5398678046724,86.3165479968302,3237.2037340246607,82.02724945135333,67.01452829428759,0.0,1400,1600,1700,1700,1800,1900,2000,2200,3200,3200,3200
