Type,Name,Request Count,Failure Count,Median Response Time,Average Response Time,Min Response Time,Max Response Time,Average Content Size,Requests/s,Failures/s,50%,66%,75%,80%,90%,95%,98%,99%,99.9%,99.99%,100%
gRPC,predict_prompt,8118,0,56,55.99599404821125,48.741792008513585,237.58225797791965,58.02377432865238,8.932277352611658,0.0,56,57,57,58,59,60,62,65,74,240,240
gRPC,predict_response,7947,0,56,56.039895772974916,48.15903102280572,263.9152119809296,58.17365043412609,8.744125168909196,0.0,56,57,58,58,59,60,62,65,110,260,260
,Aggregated,16065,0,56,56.01771125995709,48.15903102280572,263.9152119809296,58.097914721444134,17.676402521520853,0.0,56,57,58,58,59,60,62,65,76,240,260
