Type,Name,Request Count,Failure Count,Median Response Time,Average Response Time,Min Response Time,Max Response Time,Average Content Size,Requests/s,Failures/s,50%,66%,75%,80%,90%,95%,98%,99%,99.9%,99.99%,100%
gRPC,predict_prompt,10667,0,41,41.871910170674774,34.563854002044536,229.6661389991641,65.10030936533234,11.76794823468917,0.0,41,43,43,44,45,47,49,51,64,230,230
gRPC,predict_response,10630,0,42,41.98647163960737,34.413244007737376,421.4796719898004,66.40479774223894,11.727129439837432,0.0,42,43,43,44,45,47,49,52,180,230,420
,Aggregated,21297,0,41,41.92909138937945,34.413244007737376,421.4796719898004,65.75142038784806,23.495077674526602,0.0,41,43,43,44,45,47,49,51,77,230,420
