Type,Name,Request Count,Failure Count,Median Response Time,Average Response Time,Min Response Time,Max Response Time,Average Content Size,Requests/s,Failures/s,50%,66%,75%,80%,90%,95%,98%,99%,99.9%,99.99%,100%
gRPC,predict_prompt,63052,0,710.0,668.799267458106,64.3305554986,2685.736872255802,64.86606293218296,70.16444135545635,0.0,710,770,800,820,880,920,990,1000,1300,2600,2700
gRPC,predict_response,62805,0,710.0,668.2389435440423,53.13313752412796,2692.8195133805275,66.5231589841573,69.88957906695165,0.0,710,770,800,820,880,920,990,1000,1300,2700,2700
,Aggregated,125857,0,710.0,668.519655331464,53.13313752412796,2692.8195133805275,65.69298489555607,140.054020422408,0.0,710,770,800,820,880,920,990,1000,1300,2700,2700
