Type,Name,Request Count,Failure Count,Median Response Time,Average Response Time,Min Response Time,Max Response Time,Average Content Size,Requests/s,Failures/s,50%,66%,75%,80%,90%,95%,98%,99%,99.9%,99.99%,100%
gRPC,predict_prompt,63744,0,710.0,658.9402100756245,49.37218874692917,1426.2747466564178,64.99443084839358,70.9315063986148,0.0,710,780,810,830,890,930,1000,1000,1200,1400,1400
gRPC,predict_response,64208,0,710.0,661.296281417163,57.12033063173294,1418.348178267479,66.4789122850735,71.44782509478945,0.0,710,780,810,840,890,930,1000,1000,1200,1400,1400
,Aggregated,127952,0,710.0,660.1225177276932,49.37218874692917,1426.2747466564178,65.73936319869951,142.37933149340424,0.0,710,780,810,840,890,930,1000,1000,1200,1400,1400
